ID,age,gender
sub-OAS30369d5880,80.0,1
sub-OAS30557d1980,82.0616,1
sub-OAS30836d0094,81.0,0
sub-OAS30788d2927,82.0,1
sub-OAS31007d0304,83.0,0
sub-OAS31115d0368,87.09377,0
sub-OAS30118d1597,86.18207,0
sub-0026155,84.0,1
sub-OAS30334d0889,80.0,0
sub-A00019903,83.0,0
sub-OAS30543d0000,85.63176,0
sub-OAS30923d4802,86.0,0
sub-OAS30393d8651,87.0,1
sub-OAS30057d0075,81.0,0
sub-OAS30149d1240,80.0,0
sub-OAS30907d0813,85.0,0
sub-OAS31035d5659,83.0,1
sub-OAS30423d2099,84.0,1
sub-OAS30347d3101,86.0,0
sub-OAS31115d0466,88.0,0
sub-OAS30399d2293,85.0,0
sub-OAS30564d0432,82.0,1
sub-OAS30564d0432,82.0,1
sub-OAS30655d0092,85.0,0
sub-OAS30234d2098,85.0,1
sub-OAS30144d1204,88.0,0
sub-OAS30592d0087,80.0,0
sub-OAS30557d2185,88.0,1
sub-OAS31164d1678,85.0,1
sub-OAS30026d0696,82.0,0
sub-OAS30237d2478,82.0,0
sub-OAS30814d0144,82.0,0
sub-A00065865,81.0,0
sub-OAS30689d2082,82.0,1
sub-OAS31008d0142,86.0,1
sub-OAS31096d1308,85.0,0
sub-OAS30628d0464,80.0,1
sub-OAS30295d0967,85.0,1
sub-OAS31061d0964,87.0,1
sub-OAS30463d2737,86.0,0
sub-OAS30607d0117,86.0,1
sub-OAS30939d0483,84.0,0
sub-OAS31093d0063,82.0,1
sub-OAS31151d0086,88.0,1
sub-OAS30837d1722,81.0,1
sub-OAS30867d4407,88.0,1
sub-A00058130,80.0,0
sub-A00058145,80.0,1
sub-OAS30344d2375,87.0,0
sub-OAS30741d3184,83.0,0
sub-OAS30479d1266,83.0,0
sub-OAS31037d6061,81.0,1
sub-A00028522,84.0,0
sub-OAS30814d1152,85.0,0
sub-OAS30470d1023,83.0,0
sub-OAS30296d0069,88.0,1
sub-OAS30808d0498,82.0,1
sub-OAS30026d0448,80.37782,0
sub-OAS31024d2323,85.0,0
sub-0026150,82.0,0
sub-A00065565,84.0,0
sub-OAS30687d0541,82.0,1
sub-OAS30412d5747,80.61328,1
sub-93262,85.0,1
sub-OAS30046d0072,80.0,0
sub-OAS30060d0074,80.0,1
sub-OAS30118d0000,82.0,0
sub-OAS30451d2656,87.0,1
sub-OAS30330d0000,80.0,0
sub-OAS30120d0784,85.0,1
sub-OAS30356d0714,82.0,0
sub-OAS30586d1149,89.0,0
sub-IXI464,86.31895962,1
sub-OAS30782d0074,86.0,0
sub-OAS30795d0380,81.0,1
sub-OAS30829d6357,82.0,1
sub-OAS30973d0065,81.0,0
sub-OAS30708d0000,81.50308,1
sub-OAS30436d0388,82.0,0
sub-OAS30974d0901,84.0,1
sub-OAS31108d3850,84.0,0
sub-OAS31140d0332,88.0,1
sub-OAS30223d0972,80.73648,1
sub-OAS30258d0347,84.03285,0
sub-OAS30033d1267,82.0,1
sub-OAS30990d1360,85.0,0
sub-0025419,88.0,1
sub-IXI639,86.19849418,0
sub-OAS30926d1520,82.0,0
sub-OAS30344d0049,81.0,0
sub-OAS30208d1703,80.0,1
sub-OAS30393d6803,82.0,1
sub-OAS30700d2243,85.0,1
sub-OAS31155d7635,80.0,0
sub-OAS30379d1169,86.0,0
sub-OAS31024d1057,81.0,0
sub-OAS30925d0196,87.0,0
sub-OAS31029d2448,89.0,1
sub-OAS30760d3837,84.0,0
sub-OAS30302d1456,89.0,1
sub-OAS31127d2140,86.0,1
sub-OAS30998d0051,81.0,0
sub-OAS30393d7726,84.0,1
sub-OAS30806d0026,80.0,0
sub-OAS30206d1036,81.0,0
sub-OAS30700d3380,88.0,1
sub-OAS30470d1846,85.0,0
sub-OAS31112d0276,82.0,0
sub-OAS31151d0000,88.12868,1
sub-A00035337,81.0,1
sub-OAS30878d2556,81.0,0
sub-OAS30984d4520,85.0,0
sub-OAS31002d5329,83.0,0
sub-OAS30896d0376,81.70294,0
sub-OAS30350d1201,83.0,1
sub-OAS31100d6834,85.0,0
sub-OAS31074d3372,81.0,0
sub-OAS30393d6201,80.0,1
sub-OAS31156d0001,81.0,0
sub-OAS30420d3675,85.3306,1
sub-OAS30046d1968,85.0,0
sub-OAS30564d1664,86.0,1
sub-OAS31127d0123,81.0,1
sub-OAS30589d3191,83.0,1
sub-OAS30787d2854,88.0,0
sub-OAS31046d2295,84.996574,1
sub-OAS31077d0853,84.0,1
sub-OAS30194d9443,86.0,0
sub-OAS30585d0065,80.0,0
sub-OAS30564d0432,81.65366,1
sub-OAS30564d0432,81.65366,1
sub-OAS30302d0262,86.0,1
sub-OAS30040d5108,81.0,1
sub-OAS30954d0182,80.0,1
sub-OAS30687d0064,81.0,1
sub-OAS30662d2080,84.0,1
sub-OAS30706d0060,80.0,0
sub-OAS31002d4948,82.0,0
sub-OAS30399d1220,82.0,0
sub-OAS31162d0107,80.0,1
sub-OAS30662d1483,82.0,1
sub-OAS30563d1318,82.0,1
sub-OAS30808d1469,81.02122,1
sub-OAS30811d7690,86.0,1
sub-OAS30194d8874,84.0,0
sub-OAS30955d0133,81.0,1
sub-OAS30043d0145,86.0,0
sub-OAS30361d2151,80.0,1
sub-OAS30586d0749,88.0,0
sub-OAS30471d0560,81.0,0
sub-OAS30884d2400,80.0,0
sub-OAS30383d0000,88.490074,0
sub-OAS30565d3127,81.0,0
sub-OAS30614d2872,81.0,1
sub-72416,80.0,0
sub-OAS30383d0134,88.0,0
sub-OAS30091d0092,84.0,1
sub-IXI607,83.8110883,0
sub-OAS30510d1154,88.0,0
sub-OAS30342d0429,80.0,0
sub-OAS30896d1588,86.0,0
sub-OAS30868d0115,85.0,1
sub-OAS30654d0000,83.07461,1
sub-OAS31085d0000,82.99247,0
sub-OAS31090d0353,83.0,1
sub-OAS31036d0000,82.850105,0
sub-OAS30650d1879,80.0,1
sub-OAS30873d0026,82.0,0
sub-OAS30763d0112,82.0,1
sub-OAS30294d0454,82.51608,1
sub-OAS30310d0000,86.84189,1
sub-OAS30782d0980,88.0,0
sub-OAS30505d5746,83.0,0
sub-OAS30258d1225,87.0,0
sub-OAS30907d1953,88.0,0
sub-OAS30519d0080,87.0,0
sub-OAS30194d7432,81.0,0
sub-OAS31085d0112,83.0,0
sub-OAS30829d5823,80.0,1
sub-OAS31007d0000,82.63929,0
sub-OAS30331d4694,80.0,0
sub-OAS31033d0002,87.0,0
sub-OAS30234d1119,82.0,1
sub-OAS30589d2311,80.0,1
sub-A00063458,82.0,0
sub-OAS31139d1568,87.0,0
sub-OAS30224d0364,82.41205,0
sub-OAS30350d0000,80.11225,1
sub-OAS30343d4900,81.0,1
sub-OAS30035d2218,81.0,1
sub-OAS30139d0101,80.0,0
sub-OAS30282d0040,82.0,0
sub-OAS31125d3093,80.0,1
sub-0026127,83.0,1
sub-OAS30239d0175,80.0,0
sub-OAS30882d0191,82.0,0
sub-OAS30909d0109,81.0,0
sub-OAS30971d0077,83.0,1
sub-OAS30075d0442,81.0,1
sub-OAS30829d8406,87.0,1
sub-OAS30941d0786,85.0,0
sub-OAS30072d2219,80.0,0
sub-OAS31160d6062,81.0,0
sub-OAS30075d0967,83.0,1
sub-OAS30665d4735,89.0,1
sub-OAS30198d0083,88.0,0
sub-OAS31155d8643,83.0,0
sub-OAS30814d1054,81.94935,0
sub-OAS30627d2372,86.0,0
sub-OAS30344d1052,84.0,0
sub-OAS30247d2643,82.0,1
sub-OAS30206d3024,87.0,0
sub-OAS30310d0191,87.0,1
sub-IXI538,81.94113621,1
sub-OAS30829d6593,82.0,1
sub-OAS30544d0346,89.0,0
sub-OAS30046d0848,82.0,0
sub-OAS30597d3137,81.0,0
sub-OAS30619d2640,88.0,1
sub-OAS30369d5872,80.0,1
sub-OAS30145d4247,80.0,0
sub-OAS30896d0439,82.0,0
sub-A00050679,81.0,1
sub-OAS30525d3407,86.0,1
sub-OAS30536d2430,84.47091,1
sub-OAS30350d0018,80.0,1
sub-A00039657,83.0,1
sub-OAS30451d2586,80.328545,1
sub-OAS30634d0066,86.0,1
sub-OAS30592d0000,80.1588,0
sub-OAS30184d3157,81.0,1
sub-OAS31015d0222,86.0,0
sub-OAS30841d1826,83.0,0
sub-OAS30578d0130,80.0,1
sub-OAS30295d0611,84.0,1
sub-OAS30752d0608,85.0,1
sub-OAS30577d0067,80.0,0
sub-OAS30012d0124,87.0,0
sub-OAS30884d4499,85.0,0
sub-OAS30729d6253,80.0,0
sub-OAS30778d2255,80.0,1
sub-OAS30212d3043,87.0,1
sub-OAS30613d0042,83.0,0
sub-OAS30736d3151,84.0,0
sub-OAS30787d3333,89.0,0
sub-OAS30322d3851,80.0,0
sub-OAS30118d1663,87.0,0
sub-OAS30929d0115,84.0,0
sub-OAS30060d0000,80.53388,1
sub-OAS30470d2828,88.0,0
sub-OAS30057d0000,81.32786,0
sub-OAS30929d0000,84.58316,0
sub-OAS30391d1547,87.0,0
sub-OAS30855d3346,82.0,1
sub-A00028858,80.0,0
sub-OAS30899d2324,81.0,0
sub-OAS30867d1764,81.0,1
sub-OAS30302d0000,85.31691,1
sub-OAS30564d0000,81.0,1
sub-OAS30026d0129,80.0,0
sub-OAS30870d3785,82.0,1
sub-OAS30808d1522,85.0,1
sub-OAS30467d0092,82.0,1
sub-OAS30669d3919,81.0,0
sub-OAS31036d0056,83.0,0
sub-OAS31144d0072,81.0,0
sub-OAS31098d0048,84.0,1
sub-OAS30223d0455,81.0,1
sub-OAS30564d2808,89.0,1
sub-A00044408,83.0,1
sub-OAS30470d1650,80.7447,0
sub-OAS30026d0048,80.0,0
sub-OAS30953d0103,81.0,0
sub-OAS30479d0398,80.0,0
sub-OAS30101d2650,81.0,1
sub-OAS30296d0000,88.68994,1
sub-OAS30011d1671,83.0,1
sub-OAS30990d0107,82.0,0
sub-OAS30706d0000,80.10951,0
sub-IXI499,82.18754278,0
sub-OAS30614d4088,84.0,1
sub-OAS30506d2206,83.0,0
sub-OAS30399d0380,80.0,0
sub-IXI251,80.16974675,1
sub-OAS31041d1426,81.0,0
sub-OAS30294d0462,83.0,1
sub-OAS31090d0833,84.0,1
sub-OAS30349d3241,82.0,0
sub-OAS31164d0069,80.0,1
sub-OAS31100d7350,86.0,0
sub-OAS30907d0000,82.9076,0
sub-OAS31013d0628,81.0,1
sub-OAS30923d5307,87.0,0
sub-OAS30379d2106,89.0,0
sub-OAS30884d3204,82.0,0
sub-OAS30175d3219,81.0,1
sub-OAS30678d0093,85.0,1
sub-OAS30407d2862,83.0,1
sub-OAS30862d3654,81.0,1
sub-OAS31092d3113,80.0,0
sub-OAS30463d2198,85.0,0
sub-OAS31090d3461,82.61191,1
sub-OAS30539d0640,83.0,1
sub-OAS31077d0194,82.0,1
sub-OAS30387d3401,83.0,0
sub-OAS30909d0000,81.62628,0
sub-OAS30929d0699,86.0,0
sub-OAS30347d2615,84.0,0
sub-OAS30675d7433,89.0,0
sub-OAS30350d0509,81.0,1
sub-OAS30569d4070,80.0,1
sub-OAS31108d4795,87.0,0
sub-A00039040,83.0,1
sub-OAS30139d1702,84.0,0
sub-OAS30097d2551,81.0,1
sub-OAS31046d0473,86.0,1
sub-OAS31061d1517,89.0,1
sub-OAS30907d0084,83.0,0
sub-OAS30542d3116,80.0,0
sub-OAS30223d1235,84.0,1
sub-OAS30206d2303,85.0,0
sub-OAS30867d2660,83.0,1
sub-OAS30190d0082,89.0,1
sub-OAS30453d0077,82.0,0
sub-OAS30975d0008,82.0,0
sub-OAS30984d3927,83.0,0
sub-OAS30654d0079,83.0,1
sub-OAS30525d1471,81.0,1
sub-OAS30224d0556,83.0,0
sub-IXI640,80.80219028,0
sub-OAS30391d0192,83.0,0
sub-OAS30680d6255,89.0,0
sub-OAS30525d1611,81.0,1
sub-OAS30707d0357,83.27447,0
sub-OAS30784d2716,86.0,0
sub-OAS30791d2794,82.0,0
sub-OAS30471d1883,84.0,0
sub-OAS30662d3095,87.0,1
sub-OAS30075d0148,80.0,1
sub-OAS30707d0453,84.0,0
sub-OAS30394d0039,84.0,1
sub-OAS30543d0185,86.0,0
sub-0025411,83.0,0
sub-OAS30012d0359,87.14305,0
sub-OAS31091d3949,80.0,1
sub-A00054913,83.0,1
sub-OAS30870d3066,80.0,1
sub-OAS30505d4682,80.0,0
sub-OAS30939d1968,88.0,0
sub-OAS30212d0753,81.0,1
sub-OAS30392d3145,81.0,1
sub-OAS30379d0991,83.34566,0
sub-OAS30423d1267,82.0,1
sub-OAS30478d4271,80.0,0
sub-OAS30708d0071,81.0,1
sub-OAS30035d3850,86.0,1
sub-A00053456,85.0,1
sub-OAS31046d1260,88.0,1
sub-OAS30522d0103,84.0,1
sub-OAS30841d3499,87.0,0
sub-OAS30369d6992,83.0,1
sub-OAS30041d6548,83.0,1
sub-OAS30307d2362,83.0,0
sub-OAS30563d0866,81.0,1
sub-OAS30852d6963,81.0,1
sub-OAS30237d3368,84.0,0
sub-OAS30370d0141,82.0,1
sub-OAS31090d1879,87.0,1
sub-OAS30883d0842,80.0,1
sub-OAS31139d0533,85.0,0
sub-OAS30460d0043,87.0,0
sub-OAS30557d1448,86.0,1
sub-OAS31085d0504,84.0,0
sub-OAS30998d0000,80.8679,0
sub-OAS30479d2421,86.0,0
sub-OAS30867d1398,80.0,1
sub-OAS30586d0070,86.0,0
sub-OAS30356d0607,80.563995,0
sub-OAS31038d4037,82.0,1
sub-OAS30805d5456,81.0,0
sub-OAS30031d0427,81.0,1
sub-OAS30012d0581,88.0,0
sub-OAS30745d4282,81.0,1
sub-OAS30194d8881,84.0,0
sub-OAS30539d0154,81.0,1
sub-OAS30075d0508,80.50376,1
sub-OAS30258d0487,85.0,0
sub-A00035054,81.0,0
sub-OAS30361d3275,83.0,1
sub-IXI185,83.45790554,0
sub-OAS30672d0966,80.0,0
sub-OAS30095d0033,81.0,1
sub-OAS30210d0047,83.0,1
sub-OAS30829d7552,85.0,1
sub-OAS30075d0143,80.0,1
sub-A00040181,85.0,1
sub-OAS31090d3565,92.0,1
sub-OAS30675d9297,94.0,0
sub-OAS30493d0608,93.0,1
sub-OAS30420d3746,95.0,1
sub-OAS30536d2552,91.0,1
sub-OAS30698d1553,92.0,0
sub-OAS30412d6024,97.0,1
sub-OAS30661d0057,91.0,0
sub-OAS30907d3359,92.0,0
sub-OAS30153d2220,92.0,0
sub-OAS30153d3877,97.0,0
sub-OAS30718d5999,91.0,1
sub-OAS30675d8548,92.0,0
sub-OAS30698d0975,90.0,0
sub-OAS30850d0198,90.0,0
sub-OAS30896d3528,91.0,0
sub-OAS30170d0005,95.0,1
sub-OAS30718d7409,95.0,1
sub-OAS30648d0127,90.0,1
sub-OAS30352d0099,95.0,1
sub-OAS30199d0024,91.0,1
sub-OAS30808d3453,90.0,1
sub-OAS30952d0133,93.0,1
sub-OAS31046d2360,91.0,1
sub-OAS30787d5139,94.0,0
sub-OAS30420d2792,92.0,1
sub-OAS30923d6337,90.0,0
